{
    "products": [
      { "title": "Bold Urban Logo", "category": "logos", "image": "images/logo_01.jpg" },
      { "title": "Bold Urban Logo", "category": "logos", "image": "images/logo_5.jpg" },  
      { "title": "Bold Urban Logo", "category": "logos", "image": "images/logo_7.jpg" },
      { "title": "Bold Urban Logo", "category": "logos", "image": "images/logo_8.jpg" },
      
      { "title": "Concert Night Flyer", "category": "flyers", "image": "images/flyer_1.jpg"},
      { "title": "Concert Night Flyer", "category": "flyers", "image": "images/flyer_2.jpg"},
      { "title": "Concert Night Flyer", "category": "flyers", "image": "images/flyer_3.jpg"},
      { "title": "Concert Night Flyer", "category": "flyers", "image": "images/flyer_4.jpg"},

      { "title": "Minimal Luxe Business Card", "category": "business-branding", "image": "images/menu_1.jpg" },
      { "title": "Minimal Luxe Business Card", "category": "business-branding", "image": "images/menu_2.jpg" },
      { "title": "Minimal Luxe Business Card", "category": "business-branding", "image": "images/logo_branding1.jpg" },
      { "title": "Minimal Luxe Business Card", "category": "business-branding", "image": "images/logo_branding1_2.jpg" },

      { "title": "Graffiti Sticker Pack", "category": "stickers", "image": "images/.JPG" },
      { "title": "Mixtape Cover Art", "category": "music-covers", "image": "images/coverart_1.jpg" },
      { "title": "Mixtape Cover Art", "category": "music-covers", "image": "images/coverart_2.jpg" },

      { "title": "Instagram Banner Set", "category": "social", "image": "images/logo_6.JPG" }
    ]
  }